1,tromey@verizon.net,Lambi
2,darin@msn.com,Fagu
3,gordonjcp@outlook.com,Maina
4,akoblin@sbcglobal.net,Santnagar
5,markjugg@msn.com,Nichlaul
6,vganesh@sbcglobal.net,Lamnau
7,mahbub@outlook.com,Tirhoot
8,fallorn@outlook.com,Miraj
9,hahiss@msn.com,Dholunda
10,chaffar@comcast.net,Mainpur
11,rtanter@icloud.com,Guguldoho
12,tbmaddux@msn.com,Champasar
13,jgoerzen@yahoo.com,Sindari
14,ralamosm@outlook.com,Thathar
15,lstein@mac.com,Detvas
16,aardo@yahoo.ca,Balbhadrapur
17,wortmanj@msn.com,Taraiya
18,samavati@me.com,Damrehi
19,gommix@outlook.com,Khodu
20,jrkorson@yahoo.com,Darau
21,mobileip@aol.com,Lamethi
22,froodian@hotmail.com,Vasavasamudram
23,pedwards@verizon.net,Jaraila
24,scottzed@hotmail.com,Lathor
25,vertigo@att.net,Betjharan
26,dowdy@sbcglobal.net,Vihode
27,tellis@icloud.com,Yengur
28,lamprecht@icloud.com,Hanegaon
29,chrisk@sbcglobal.net,Stalkuri
30,quantaman@sbcglobal.net,Pembi
31,scarlet@outlook.com,Lachhmapalli
32,liedra@me.com,Kapurgarh
33,mrobshaw@mac.com,Hadagali
34,padme@verizon.net,Dhaneli
35,emmanuel@verizon.net,Mohean
36,kodeman@icloud.com,Kuchhila
37,msloan@optonline.net,Kola
38,chronos@icloud.com,?rakam
39,portele@comcast.net,Hetampur
40,noticias@yahoo.com,Balwan
41,durist@me.com,Kandikere
42,leviathan@outlook.com,Regoad
43,redingtn@optonline.net,Chunpura
44,mstrout@verizon.net,Shirwal
45,floxy@sbcglobal.net,Sondo
46,jaffe@att.net,Moranwali
47,scato@comcast.net,Sarni
48,treeves@mac.com,Sotur
49,skajan@icloud.com,Rudri
50,dalamb@aol.com,Chantarpur
